"Stkcd","Trddt","Opnprc","Hiprc","Loprc","Clsprc","Dnshrtrd"
"002371","2018-10-08","45.600","46.800","45.010","45.360","7250124"
"002371","2018-10-09","45.690","46.170","40.850","41.980","13105888"
"002371","2018-10-10","41.950","43.220","40.700","42.150","10102117"
"002371","2018-10-11","39.990","41.500","38.050","39.230","12596210"
"002371","2018-10-12","39.400","40.780","38.800","40.410","10078339"
"002371","2018-10-15","40.410","42.000","40.080","40.320","8019456"
"002371","2018-10-16","40.520","41.650","39.400","40.140","7949658"
"002371","2018-10-17","41.000","41.540","38.800","41.490","12546496"
"002371","2018-10-18","40.900","41.000","39.710","39.880","8367587"
"002371","2018-10-19","38.000","40.930","37.610","40.600","12354425"
"002371","2018-10-22","41.100","44.100","41.100","43.580","14940774"
"002371","2018-10-23","43.570","43.790","41.710","41.730","8863318"
"002371","2018-10-24","41.850","42.750","41.600","41.900","7527364"
"002371","2018-10-25","40.300","40.640","38.700","39.960","10271803"
"002371","2018-10-26","40.540","41.000","39.050","39.380","6381594"
"002371","2018-10-29","39.810","40.570","38.700","39.650","7626084"
"002371","2018-10-30","39.690","39.690","35.690","37.400","16254246"
"002371","2018-10-31","37.470","38.350","37.030","37.830","9492547"
"002371","2018-11-01","38.500","39.940","38.240","38.670","11409685"
"002371","2018-11-02","40.500","41.450","40.210","41.060","13105766"
"002371","2018-11-05","40.850","42.500","40.600","41.650","10574988"
"002371","2018-11-06","41.270","41.980","40.400","41.850","7534780"
"002371","2018-11-07","41.540","44.050","41.540","42.390","10636366"
"002371","2018-11-08","42.950","43.500","41.650","41.840","6200155"
"002371","2018-11-09","41.510","42.420","41.240","41.340","4520800"
"002371","2018-11-12","41.680","42.940","41.340","42.840","6477566"
"002371","2018-11-13","42.210","43.160","41.910","42.530","7519281"
"002371","2018-11-14","42.400","44.490","42.180","43.290","9853496"
"002371","2018-11-15","43.010","44.150","42.960","43.980","6365837"
"002371","2018-11-16","44.370","45.820","44.100","45.210","9809794"
"002371","2018-11-19","44.260","45.760","44.200","44.800","6433700"
"002371","2018-11-20","44.490","45.030","43.310","44.000","6880858"
"002371","2018-11-21","43.370","43.960","42.400","42.840","6146604"
"002371","2018-11-22","42.980","43.480","42.820","42.850","3628587"
"002371","2018-11-23","42.560","43.170","40.510","40.640","7391329"
"002371","2018-11-26","40.690","41.060","39.070","39.960","6247111"
"002371","2018-11-27","40.300","40.770","39.690","40.280","4803631"
"002371","2018-11-28","40.350","41.380","40.050","41.270","5463695"
"002371","2018-11-29","41.850","42.260","39.700","39.720","6960966"
"002371","2018-11-30","39.780","41.150","38.800","40.690","6167708"
"002371","2018-12-03","42.400","44.330","41.710","44.230","12526616"
"002371","2018-12-04","43.800","44.430","43.680","44.240","6746824"
"002371","2018-12-05","43.470","44.620","43.030","43.630","6654239"
"002371","2018-12-06","43.630","45.430","43.280","43.370","9519295"
"002371","2018-12-07","44.000","44.440","43.340","43.620","4856494"
"002371","2018-12-10","43.510","44.200","42.870","43.600","4317631"
"002371","2018-12-11","43.800","44.480","43.200","43.990","4287016"
"002371","2018-12-12","44.300","44.500","42.810","42.850","4767112"
"002371","2018-12-13","43.000","43.390","41.880","43.020","5787395"
"002371","2018-12-14","43.000","43.090","41.210","41.310","5633813"
"002371","2018-12-17","40.800","41.410","40.520","41.180","3587082"
"002371","2018-12-18","40.980","41.300","40.150","40.600","3920787"
"002371","2018-12-19","40.760","40.800","39.510","39.690","3757806"
"002371","2018-12-20","39.600","40.600","39.600","39.990","4427083"
"002371","2018-12-21","39.900","40.250","39.500","39.770","3897242"
"002371","2018-12-24","39.760","40.830","39.200","40.830","5051202"
"002371","2018-12-25","40.380","40.720","39.220","40.520","6254937"
"002371","2018-12-26","40.550","40.580","39.250","39.260","5559715"
"002371","2018-12-27","39.920","40.030","38.060","38.060","5849167"
"002371","2018-12-28","38.200","38.400","37.130","37.760","5450333"
"002371","2019-01-02","37.800","38.600","37.550","38.310","4378282"
"002371","2019-01-03","38.050","38.780","38.010","38.160","4077157"
"002371","2019-01-04","37.600","39.660","37.500","39.210","5863366"
"002371","2019-01-07","40.050","42.800","40.050","42.090","12515225"
"002371","2019-01-08","42.050","42.970","41.800","42.060","8115717"
"002371","2019-01-09","42.180","43.800","41.750","42.370","9464535"
"002371","2019-01-10","42.100","42.580","41.500","41.560","5259882"
"002371","2019-01-11","41.690","42.290","41.130","41.490","4417101"
"002371","2019-01-14","41.690","41.690","40.320","40.700","3986997"
"002371","2019-01-15","40.580","41.800","40.380","41.800","5485643"
"002371","2019-01-16","41.530","43.080","41.390","41.400","6358934"
"002371","2019-01-17","41.210","41.750","40.360","40.460","5077749"
"002371","2019-01-18","40.400","41.640","40.130","40.890","4225349"
"002371","2019-01-21","40.890","42.700","40.620","42.550","9978343"
"002371","2019-01-22","42.500","42.670","41.810","42.420","5496176"
"002371","2019-01-23","42.100","42.490","41.550","42.110","3272080"
"002371","2019-01-24","42.140","46.320","42.140","45.800","18039270"
"002371","2019-01-25","45.810","46.900","45.490","45.750","11423913"
"002371","2019-01-28","46.200","47.250","45.770","45.770","8169797"
"002371","2019-01-29","45.410","46.440","44.900","45.870","6272353"
"002371","2019-01-30","45.470","46.490","45.070","45.120","4222452"
"002371","2019-01-31","45.350","46.650","45.350","45.660","5454868"
"002371","2019-02-01","46.010","47.800","45.600","47.510","6868647"
"002371","2019-02-11","47.620","49.850","47.620","48.900","6106440"
"002371","2019-02-12","48.590","49.090","47.700","48.150","6477108"
"002371","2019-02-13","48.150","49.960","47.810","48.280","10602130"
"002371","2019-02-14","47.780","48.990","47.200","48.740","7496877"
"002371","2019-02-15","48.480","48.860","47.980","48.100","4909317"
"002371","2019-02-18","48.250","49.720","47.380","49.410","11518586"
"002371","2019-02-19","49.150","50.170","46.810","47.850","14024806"
"002371","2019-02-20","47.600","47.660","46.500","47.180","8859857"
"002371","2019-02-21","47.280","48.490","46.210","46.440","10765871"
"002371","2019-02-22","46.390","49.560","46.390","49.500","13336753"
"002371","2019-02-25","52.000","54.110","50.100","53.300","18183631"
"002371","2019-02-26","53.000","53.880","50.900","52.200","13215150"
"002371","2019-02-27","51.500","52.560","50.610","51.300","8894194"
"002371","2019-02-28","51.800","53.010","51.010","51.580","8288676"
"002371","2019-03-01","51.900","52.330","50.620","51.730","5356178"
"002371","2019-03-04","52.980","56.900","52.000","55.580","15452141"
"002371","2019-03-05","55.510","61.140","55.300","61.140","12193555"
"002371","2019-03-06","67.000","67.250","62.540","65.170","29032179"
"002371","2019-03-07","65.310","71.480","63.450","67.800","19425266"
"002371","2019-03-08","67.000","74.580","63.500","72.650","27715231"
"002371","2019-03-11","76.480","79.000","65.390","71.500","26682961"
"002371","2019-03-12","73.810","78.650","72.570","78.650","21918118"
"002371","2019-03-13","80.500","83.000","70.900","72.000","24167765"
"002371","2019-03-14","70.000","72.000","67.360","69.100","18918494"
"002371","2019-03-15","69.970","70.800","67.480","68.380","13031826"
"002371","2019-03-18","68.430","71.660","65.550","70.900","14171250"
"002371","2019-03-19","69.800","74.300","68.550","71.660","13253808"
"002371","2019-03-20","71.000","71.860","67.620","69.350","10745135"
"002371","2019-03-21","69.140","72.800","67.990","70.420","15410736"
"002371","2019-03-22","71.700","73.940","69.380","71.360","13169455"
"002371","2019-03-25","69.600","73.440","69.180","71.110","13953795"
"002371","2019-03-26","71.240","73.180","68.000","68.000","13345766"
"002371","2019-03-27","68.890","70.040","66.120","68.110","11653386"
"002371","2019-03-28","67.210","71.500","67.200","68.190","12070343"
"002371","2019-03-29","67.690","71.100","65.530","70.490","14411115"
"002371","2019-04-01","71.140","75.070","69.940","73.570","15194831"
"002371","2019-04-02","73.500","77.500","72.480","72.910","14973725"
"002371","2019-04-03","72.220","73.880","71.600","73.250","9000702"
"002371","2019-04-04","74.500","75.660","70.120","71.000","14416107"
"002371","2019-04-08","70.500","70.500","66.700","66.900","14734693"
"002371","2019-04-09","67.000","68.490","65.900","67.250","9246645"
"002371","2019-04-10","66.880","67.300","65.530","66.680","7408755"
"002371","2019-04-11","66.600","66.600","62.680","63.760","12586169"
"002371","2019-04-12","64.080","65.290","63.820","64.610","6892532"
"002371","2019-04-15","65.850","67.350","63.360","63.640","8947298"
"002371","2019-04-16","63.010","67.130","62.260","66.910","11459610"
"002371","2019-04-17","66.810","67.340","65.600","65.800","8763337"
"002371","2019-04-18","65.530","66.650","64.660","64.960","5551600"
"002371","2019-04-19","64.750","65.490","63.750","64.500","4914820"
"002371","2019-04-22","65.250","67.290","64.500","65.440","11080227"
"002371","2019-04-23","65.290","66.500","63.100","63.970","8448346"
"002371","2019-04-24","64.150","67.220","62.210","66.760","13160812"
"002371","2019-04-25","66.500","67.350","62.780","63.240","10377147"
"002371","2019-04-26","62.990","65.500","62.580","63.890","8530669"
"002371","2019-04-29","64.470","64.470","61.150","61.800","8579912"
"002371","2019-04-30","61.330","63.020","60.550","61.010","6579302"
"002371","2019-05-06","58.000","59.350","54.910","54.910","9769561"
"002371","2019-05-07","55.470","56.130","54.800","55.900","6720125"
"002371","2019-05-08","54.880","61.490","54.510","59.850","15366992"
"002371","2019-05-09","59.820","64.780","59.490","63.180","16545852"
"002371","2019-05-10","63.180","69.500","62.380","69.500","21411806"
"002371","2019-05-13","68.000","69.900","66.740","68.040","13423170"
"002371","2019-05-14","67.900","68.710","66.300","66.890","9719051"
"002371","2019-05-15","67.400","68.290","66.970","68.290","10442614"
"002371","2019-05-16","67.890","67.900","65.680","66.970","10035589"
"002371","2019-05-17","69.000","70.500","66.250","66.550","15342310"
"002371","2019-05-20","68.500","70.390","67.760","68.810","13301540"
"002371","2019-05-21","67.890","69.800","66.000","68.120","11130962"
"002371","2019-05-22","68.180","73.010","67.880","72.600","17377212"
"002371","2019-05-23","71.990","71.990","68.000","68.090","16919765"
"002371","2019-05-24","66.080","67.650","65.800","65.820","9073595"
"002371","2019-05-27","65.900","71.000","65.890","70.180","12405128"
"002371","2019-05-28","70.100","70.880","69.000","69.660","9416404"
"002371","2019-05-29","69.550","70.880","68.550","69.440","8703502"
"002371","2019-05-30","68.610","68.660","66.050","67.600","8672013"
"002371","2019-05-31","67.540","68.570","66.660","66.740","6494271"
"002371","2019-06-03","67.410","67.960","64.510","65.450","8363760"
"002371","2019-06-04","65.020","66.320","63.480","63.580","7287507"
"002371","2019-06-05","64.470","64.830","63.250","63.810","5050628"
"002371","2019-06-06","63.970","64.500","62.350","63.300","5486007"
"002371","2019-06-10","63.590","64.800","63.410","64.300","4186317"
"002371","2019-06-11","64.220","66.600","63.200","66.410","8143772"
"002371","2019-06-12","66.340","66.960","65.520","66.400","7235089"
"002371","2019-06-13","66.330","66.850","65.710","65.760","4542463"
"002371","2019-06-14","65.170","66.380","62.900","62.990","6159089"
"002371","2019-06-17","62.990","63.550","59.500","60.770","8670550"
"002371","2019-06-18","60.500","61.550","60.200","60.800","4099244"
"002371","2019-06-19","63.620","64.330","62.390","62.460","7357598"
"002371","2019-06-20","62.440","65.150","62.100","63.990","6509805"
"002371","2019-06-21","64.900","67.800","64.850","67.150","11080109"
"002371","2019-06-24","66.800","67.970","66.120","66.900","5333449"
"002371","2019-06-25","67.030","67.090","64.120","65.010","5571531"
"002371","2019-06-26","64.590","68.490","64.230","68.160","9712421"
"002371","2019-06-27","67.810","70.880","67.810","69.950","10701301"
"002371","2019-06-28","69.950","71.600","68.800","69.250","6615581"
"002371","2019-07-01","71.500","72.440","70.000","70.620","8696158"
"002371","2019-07-02","70.520","70.540","68.480","68.960","7056406"
"002371","2019-07-03","68.600","68.930","66.910","67.250","6483392"
"002371","2019-07-04","67.500","67.910","66.470","67.150","4282054"
"002371","2019-07-05","67.010","68.200","67.010","67.850","5411729"
"002371","2019-07-08","67.530","68.630","66.510","67.400","6902846"
"002371","2019-07-09","66.200","67.600","65.600","67.050","4756257"
"002371","2019-07-10","67.750","70.770","67.700","68.540","9765640"
"002371","2019-07-11","68.690","69.000","66.100","66.300","7549305"
"002371","2019-07-12","66.150","66.790","65.000","65.580","4464019"
"002371","2019-07-15","65.600","69.580","64.600","69.140","10613568"
"002371","2019-07-16","68.910","70.160","68.900","69.350","6406875"
"002371","2019-07-17","69.980","71.400","69.700","69.900","8303715"
"002371","2019-07-18","68.690","68.780","65.500","65.530","13946564"
"002371","2019-07-19","65.880","67.250","65.540","66.950","8017526"
"002371","2019-07-22","68.640","69.500","63.550","63.750","12349989"
"002371","2019-07-23","63.050","65.400","63.000","64.780","5733641"
"002371","2019-07-24","64.890","66.200","64.620","65.000","5668640"
"002371","2019-07-25","64.950","66.300","64.830","65.480","6878328"
"002371","2019-07-26","65.830","66.000","63.880","64.370","7693612"
"002371","2019-07-29","64.600","65.900","64.050","65.330","6083673"
"002371","2019-07-30","65.330","65.680","64.250","64.500","5195185"
"002371","2019-07-31","64.450","65.140","64.040","64.580","5366679"
"002371","2019-08-01","64.000","64.480","60.250","61.000","14337104"
"002371","2019-08-02","59.450","61.590","58.800","60.740","7957375"
"002371","2019-08-05","60.490","61.130","59.660","59.800","5437898"
"002371","2019-08-06","58.180","59.280","56.400","59.000","7946494"
"002371","2019-08-07","59.030","59.690","55.800","56.190","10148124"
"002371","2019-08-08","56.750","58.250","56.220","57.950","7976920"
"002371","2019-08-09","58.300","58.830","56.450","57.090","6128382"
"002371","2019-08-12","57.570","58.610","56.680","58.080","8190860"
"002371","2019-08-13","57.500","58.400","56.890","57.200","5255222"
"002371","2019-08-14","58.200","59.100","57.880","58.450","9183850"
"002371","2019-08-15","56.940","59.150","56.200","59.130","10341069"
"002371","2019-08-16","58.740","60.580","58.450","59.370","9761908"
"002371","2019-08-19","59.930","62.660","59.020","61.440","14047980"
"002371","2019-08-20","61.400","62.190","59.650","59.850","8361978"
"002371","2019-08-21","59.700","60.750","58.230","60.020","8707041"
"002371","2019-08-22","59.700","63.510","59.700","62.080","15201764"
"002371","2019-08-23","62.830","63.670","61.390","62.020","10341372"
"002371","2019-08-26","60.660","65.600","60.660","65.090","17421742"
"002371","2019-08-27","65.060","66.280","64.110","65.200","11730489"
"002371","2019-08-28","65.000","65.180","63.540","64.010","8122124"
"002371","2019-08-29","64.000","64.670","63.500","64.050","7004005"
"002371","2019-08-30","64.040","67.010","63.620","64.700","15728928"
"002371","2019-09-02","64.990","67.660","63.960","66.980","13711886"
"002371","2019-09-03","66.970","70.740","66.140","69.130","16340932"
"002371","2019-09-04","70.040","72.880","69.500","71.000","16019449"
"002371","2019-09-05","71.460","74.550","70.530","72.220","13984188"
"002371","2019-09-06","72.010","73.200","68.900","70.320","15766174"
"002371","2019-09-09","70.950","72.700","70.000","72.540","13350580"
"002371","2019-09-10","72.400","72.400","69.040","70.000","12405641"
"002371","2019-09-11","70.010","70.950","67.950","68.580","10471037"
"002371","2019-09-12","69.110","71.230","68.880","69.180","9259480"
"002371","2019-09-16","69.540","71.190","68.500","70.440","9574212"
"002371","2019-09-17","69.750","69.870","67.100","67.980","8972921"
"002371","2019-09-18","68.300","68.830","67.190","68.540","5920863"
"002371","2019-09-19","68.530","70.400","68.050","70.110","10537693"
"002371","2019-09-20","70.100","71.670","69.220","70.980","11336343"
"002371","2019-09-23","70.950","78.080","69.600","78.080","21559683"
"002371","2019-09-24","79.800","85.800","79.540","81.850","26389492"
"002371","2019-09-25","81.630","82.900","78.590","79.800","18630271"
"002371","2019-09-26","80.010","80.700","71.820","71.820","21754505"
"002371","2019-09-27","69.800","70.430","67.240","69.000","22016006"
"002371","2019-09-30","68.300","68.680","65.580","65.580","12443962"
"002371","2019-10-08","65.720","66.770","64.810","65.300","8571906"
"002371","2019-10-09","65.320","67.000","64.200","66.630","6637390"
"002371","2019-10-10","66.700","69.300","66.330","69.090","11267721"
"002371","2019-10-11","69.090","69.090","66.060","66.340","12343682"
"002371","2019-10-14","67.270","67.800","66.630","67.500","9132940"
"002371","2019-10-15","67.100","67.100","64.440","64.630","9686090"
"002371","2019-10-16","64.600","65.370","63.500","63.500","8193554"
"002371","2019-10-17","64.080","64.240","62.800","63.000","6552337"
"002371","2019-10-18","63.270","64.490","62.500","62.660","7397135"
"002371","2019-10-21","62.300","63.600","61.030","63.490","5365094"
"002371","2019-10-22","63.400","64.750","63.210","64.180","5950782"
"002371","2019-10-23","64.130","64.500","62.880","63.010","4985981"
"002371","2019-10-24","63.150","63.310","62.500","63.040","3138101"
"002371","2019-10-25","63.130","65.000","62.360","64.850","6066995"
"002371","2019-10-28","66.900","67.850","65.080","67.290","11058742"
"002371","2019-10-29","67.600","70.370","66.630","66.680","13189322"
"002371","2019-10-30","66.000","69.950","65.850","68.690","11269847"
"002371","2019-10-31","69.600","72.130","69.280","70.750","14006339"
"002371","2019-11-01","70.560","71.480","69.300","70.950","8826687"
"002371","2019-11-04","71.400","71.960","69.800","71.080","8269591"
"002371","2019-11-05","71.060","73.780","71.000","72.750","10989573"
"002371","2019-11-06","71.910","73.250","69.720","69.920","10700402"
"002371","2019-11-07","70.100","71.440","70.000","71.000","6688037"
"002371","2019-11-08","72.000","72.350","69.870","69.880","7820439"
"002371","2019-11-11","69.000","70.360","68.300","68.580","6139488"
"002371","2019-11-12","69.030","69.550","66.820","69.200","7283445"
"002371","2019-11-13","72.530","76.120","71.680","76.120","17793054"
"002371","2019-11-14","79.700","80.300","77.370","79.110","26909185"
"002371","2019-11-15","78.760","80.330","76.810","77.240","16507969"
"002371","2019-11-18","77.230","78.340","75.900","76.850","10571161"
"002371","2019-11-19","76.500","77.500","75.500","77.350","12134983"
"002371","2019-11-20","77.250","78.370","75.600","75.800","12010427"
"002371","2019-11-21","75.000","76.600","74.680","76.040","7050673"
"002371","2019-11-22","76.010","77.990","71.880","72.710","15320798"
"002371","2019-11-25","73.500","73.800","70.200","70.610","8764381"
"002371","2019-11-26","70.910","72.070","70.630","71.500","7231074"
"002371","2019-11-27","71.500","77.240","71.100","76.050","13602278"
"002371","2019-11-28","75.750","78.560","75.450","77.000","12312990"
"002371","2019-11-29","77.750","78.380","76.200","78.200","9894925"
"002371","2019-12-02","78.490","81.710","77.180","80.000","12599516"
"002371","2019-12-03","78.800","81.000","78.350","79.990","7793311"
"002371","2019-12-04","79.990","87.990","79.990","86.330","22587735"
"002371","2019-12-05","86.010","91.760","85.410","88.160","22094602"
"002371","2019-12-06","88.670","90.940","87.770","90.310","11408152"
"002371","2019-12-09","90.900","91.970","88.640","88.640","10009669"
"002371","2019-12-10","88.700","91.480","87.200","90.100","10876228"
"002371","2019-12-11","89.350","93.330","87.420","89.870","13618922"
"002371","2019-12-12","89.600","92.950","89.600","90.800","12181807"
"002371","2019-12-13","91.280","91.490","86.800","90.300","12261385"
"002371","2019-12-16","89.820","92.300","87.600","92.300","14406474"
"002371","2019-12-17","91.760","91.900","89.000","90.670","10761661"
"002371","2019-12-18","90.230","93.320","90.140","91.800","11769436"
"002371","2019-12-19","91.890","91.890","85.500","87.700","15482793"
"002371","2019-12-20","87.540","88.330","85.800","85.820","7382678"
"002371","2019-12-23","82.850","84.500","81.820","82.500","12785234"
"002371","2019-12-24","83.280","86.930","82.630","86.500","10161003"
"002371","2019-12-25","86.980","95.000","86.500","93.990","19511289"
"002371","2019-12-26","93.000","93.980","91.500","92.860","8315920"
"002371","2019-12-27","92.500","92.580","88.180","88.810","11320184"
"002371","2019-12-30","88.820","90.330","85.860","88.610","8612085"
"002371","2019-12-31","88.660","89.500","87.000","88.000","5423341"
"002371","2020-01-02","88.620","93.260","88.000","93.000","11858214"
"002371","2020-01-03","93.200","94.500","90.200","92.700","8892033"
"002371","2020-01-06","91.210","93.490","90.350","90.850","9526704"
"002371","2020-01-07","90.000","91.910","90.000","91.320","6799006"
"002371","2020-01-08","91.000","91.000","88.130","89.110","7857547"
"002371","2020-01-09","90.050","90.990","88.560","90.740","7684366"
"002371","2020-01-10","91.000","94.660","90.000","91.000","12101036"
"002371","2020-01-13","91.000","100.100","91.000","100.100","13550754"
"002371","2020-01-14","105.150","108.880","102.630","107.150","19851436"
"002371","2020-01-15","106.220","108.800","104.500","108.000","12333780"
"002371","2020-01-16","109.740","117.710","109.000","113.000","16838886"
"002371","2020-01-17","113.780","114.990","110.390","113.000","11643311"
"002371","2020-01-20","112.260","121.090","112.260","117.980","12924222"
"002371","2020-01-21","116.190","119.600","114.830","117.400","8513229"
"002371","2020-01-22","117.400","127.000","111.940","127.000","12057487"
"002371","2020-01-23","123.320","129.300","114.300","118.500","15981999"
"002371","2020-02-03","106.650","110.500","106.650","106.650","13677649"
"002371","2020-02-04","108.500","117.320","108.500","117.320","11377512"
"002371","2020-02-05","118.510","129.050","118.510","124.620","17199237"
"002371","2020-02-06","123.210","137.080","122.000","137.080","15238940"
"002371","2020-02-07","137.470","146.500","133.000","144.960","13103349"
"002371","2020-02-10","141.000","144.920","136.390","140.080","11888695"
"002371","2020-02-11","138.570","143.600","138.570","141.300","9333734"
"002371","2020-02-12","140.280","143.500","137.400","142.350","11038890"
"002371","2020-02-13","142.350","153.800","140.700","145.290","14366074"
"002371","2020-02-14","142.580","151.500","140.200","141.410","11465513"
"002371","2020-02-17","143.250","147.440","141.600","146.400","8771578"
"002371","2020-02-18","147.500","156.980","146.510","154.010","11572497"
"002371","2020-02-19","152.000","160.200","148.920","155.160","11775255"
"002371","2020-02-20","153.800","158.770","146.530","154.890","13863005"
"002371","2020-02-21","151.250","154.990","151.010","153.000","11160370"
"002371","2020-02-24","152.200","168.300","151.530","168.300","16798801"
"002371","2020-02-25","167.500","180.150","158.000","174.700","16703253"
"002371","2020-02-26","170.000","173.500","157.230","157.230","15802590"
"002371","2020-02-27","160.000","168.180","158.540","162.600","18844946"
"002371","2020-02-28","150.000","158.590","146.340","148.010","18665087"
"002371","2020-03-02","152.020","154.360","138.010","142.200","20373812"
"002371","2020-03-03","146.160","150.000","139.510","141.490","17638646"
"002371","2020-03-04","138.360","139.900","127.550","131.720","21306271"
"002371","2020-03-05","134.000","137.000","129.530","136.990","17006605"
"002371","2020-03-06","134.030","138.500","132.000","133.720","10481634"
"002371","2020-03-09","131.160","131.550","120.650","121.850","17123427"
"002371","2020-03-10","125.000","133.930","125.000","133.230","19431653"
"002371","2020-03-11","133.700","134.000","124.600","124.640","17244593"
"002371","2020-03-12","121.190","127.980","121.190","126.000","13077786"
"002371","2020-03-13","120.540","136.050","120.540","133.400","20519855"
"002371","2020-03-16","133.550","138.880","126.890","130.330","19859846"
"002371","2020-03-17","134.500","138.000","125.520","137.150","16261395"
"002371","2020-03-18","138.880","141.860","133.000","134.490","15275588"
"002371","2020-03-19","136.960","144.700","133.730","143.000","14580404"
"002371","2020-03-20","145.000","148.700","141.810","144.010","14316812"
"002371","2020-03-23","137.500","141.850","129.610","129.610","12979217"
"002371","2020-03-24","132.980","133.260","117.000","125.300","17633203"
"002371","2020-03-25","128.000","131.450","125.460","127.250","11262441"
"002371","2020-03-26","125.000","129.000","122.220","123.820","8833547"
"002371","2020-03-27","126.050","128.500","122.610","123.810","7393317"
"002371","2020-03-30","121.810","122.000","113.580","117.100","11586976"
"002371","2020-03-31","119.180","121.300","115.710","116.300","7427925"
"002371","2020-04-01","115.400","120.170","115.100","116.240","7612266"
"002371","2020-04-02","115.420","127.800","115.420","127.090","14748742"
"002371","2020-04-03","125.100","127.000","123.770","124.600","8544587"
"002371","2020-04-07","130.810","131.480","126.500","126.650","8866191"
"002371","2020-04-08","125.990","129.660","125.300","126.180","6690300"
"002371","2020-04-09","127.780","127.880","123.000","125.660","5950980"
"002371","2020-04-10","124.740","125.650","116.050","117.000","9080399"
"002371","2020-04-13","116.050","118.140","112.330","114.190","6077260"
"002371","2020-04-14","116.000","120.510","114.190","120.140","7479820"
"002371","2020-04-15","121.770","125.890","119.800","122.180","10324688"
"002371","2020-04-16","120.150","126.200","118.960","125.250","8001015"
"002371","2020-04-17","130.500","137.780","130.100","136.710","17996466"
"002371","2020-04-20","135.000","138.250","133.230","137.990","9099754"
"002371","2020-04-21","136.400","139.330","132.380","135.850","8207759"
"002371","2020-04-22","134.420","139.510","132.430","139.220","8343627"
"002371","2020-04-23","139.100","139.790","133.000","133.480","7908090"
"002371","2020-04-24","133.180","136.500","130.460","132.000","5850739"
"002371","2020-04-27","134.500","135.790","130.100","133.600","6294536"
"002371","2020-04-28","133.610","144.950","132.150","141.930","12097193"
"002371","2020-04-29","140.980","143.310","139.230","142.300","5768837"
"002371","2020-04-30","144.860","156.160","143.310","152.170","11563431"
"002371","2020-05-06","154.000","163.360","154.000","161.010","11463923"
"002371","2020-05-07","161.010","164.360","157.000","158.260","7555546"
"002371","2020-05-08","159.860","164.490","154.560","156.150","10147420"
"002371","2020-05-11","156.210","158.660","151.200","152.530","8470348"
"002371","2020-05-12","154.110","155.200","148.660","154.150","9829039"
"002371","2020-05-13","158.000","165.000","155.220","158.800","15295664"
"002371","2020-05-14","158.000","162.000","155.770","155.870","9473762"
"002371","2020-05-15","155.870","165.270","154.510","161.990","12958830"
"002371","2020-05-18","170.460","178.000","160.000","167.080","20849874"
"002371","2020-05-19","168.430","183.790","163.900","183.790","19532268"
"002371","2020-05-20","179.000","183.180","171.070","174.200","16426981"
"002371","2020-05-21","173.420","173.890","156.960","160.940","17845333"
"002371","2020-05-22","158.510","161.210","151.700","157.250","13733372"
"002371","2020-05-25","157.620","158.750","152.510","153.900","8409287"
"002371","2020-05-26","155.580","162.100","155.440","160.280","11466438"
"002371","2020-05-27","158.500","167.370","158.010","161.670","11682630"
"002371","2020-05-28","161.790","161.790","146.600","150.720","16201654"
"002371","2020-05-29","148.000","154.290","147.150","152.000","9559645"
"002371","2020-06-01","155.000","160.750","153.090","157.250","11246343"
"002371","2020-06-02","159.990","161.010","156.000","158.150","10357435"
"002371","2020-06-03","158.590","160.880","155.200","156.430","8880207"
"002371","2020-06-04","156.430","158.000","151.500","152.370","7358316"
"002371","2020-06-05","153.060","156.500","152.800","154.130","6595675"
"002371","2020-06-08","156.210","159.570","154.660","155.040","6909711"
"002371","2020-06-09","153.580","158.300","151.090","157.330","6912020"
"002371","2020-06-10","156.000","156.470","152.150","155.770","6780638"
"002371","2020-06-11","157.190","162.580","156.000","157.000","11702878"
"002371","2020-06-12","152.000","154.600","150.030","150.210","13947768"
"002371","2020-06-15","147.900","148.240","142.900","142.920","11452656"
"002371","2020-06-16","145.200","149.280","145.010","149.200","8554017"
"002371","2020-06-17","149.500","150.280","147.000","149.460","4975011"
"002371","2020-06-18","149.680","152.880","146.510","152.160","7685091"
"002371","2020-06-19","154.000","158.890","150.320","156.010","8510127"
"002371","2020-06-22","159.500","169.500","159.200","168.330","13242984"
"002371","2020-06-23","166.590","168.810","163.000","167.860","10076912"
"002371","2020-06-24","169.290","173.840","167.500","169.040","9174586"
"002371","2020-06-29","168.000","171.580","165.000","166.240","7282112"
"002371","2020-06-30","170.000","172.920","168.380","170.910","6846119"
"002371","2020-07-01","171.380","178.580","169.000","173.750","9177580"
"002371","2020-07-02","173.650","178.000","170.000","171.300","8956670"
"002371","2020-07-03","170.300","185.150","170.300","180.160","12817998"
"002371","2020-07-06","181.880","198.180","181.000","198.180","14433845"
"002371","2020-07-07","205.990","218.000","200.100","202.830","15021968"
"002371","2020-07-08","204.100","214.780","201.900","211.980","11299054"
"002371","2020-07-09","206.950","219.890","205.630","212.000","11370851"
"002371","2020-07-10","211.000","226.300","208.880","221.300","11782847"
"002371","2020-07-13","217.280","225.000","212.500","224.510","14336896"
"002371","2020-07-14","214.000","218.800","207.000","214.060","16984437"
"002371","2020-07-15","213.920","216.880","194.440","198.000","15500687"
"002371","2020-07-16","196.050","199.800","178.200","178.200","14580910"
"002371","2020-07-17","176.990","179.870","169.500","173.000","11928592"
"002371","2020-07-20","176.000","182.300","167.330","182.280","11749650"
"002371","2020-07-21","179.940","185.180","177.210","182.000","8214476"
"002371","2020-07-22","182.000","194.660","180.360","187.000","10071037"
"002371","2020-07-23","185.000","192.200","184.480","191.850","8911175"
"002371","2020-07-24","187.810","189.770","177.960","178.590","9366034"
"002371","2020-07-27","178.630","183.480","171.810","177.210","6383889"
"002371","2020-07-28","179.510","180.780","173.660","176.240","4789713"
"002371","2020-07-29","176.500","189.800","176.250","189.200","8499561"
"002371","2020-07-30","189.100","189.880","185.490","189.540","7339626"
"002371","2020-07-31","188.880","208.490","187.000","208.490","13472735"
"002371","2020-08-03","229.330","229.340","226.010","229.340","4347743"
"002371","2020-08-04","236.000","238.880","210.000","213.000","15768287"
"002371","2020-08-05","224.000","224.000","213.000","215.000","14254414"
"002371","2020-08-06","210.500","224.600","203.850","217.970","13122056"
"002371","2020-08-07","216.000","217.600","198.110","208.400","13109954"
"002371","2020-08-10","201.010","228.000","200.000","220.800","13171116"
"002371","2020-08-11","218.990","230.600","217.500","219.800","10438469"
"002371","2020-08-12","218.000","220.040","203.990","212.620","9270102"
"002371","2020-08-13","214.630","215.580","204.200","205.000","7139879"
"002371","2020-08-14","203.010","210.990","203.010","208.000","5116205"
"002371","2020-08-17","208.220","214.450","205.340","213.190","6872188"
"002371","2020-08-18","212.500","218.500","207.580","214.230","6299236"
"002371","2020-08-19","212.030","221.600","206.030","207.800","9137022"
"002371","2020-08-20","202.000","206.680","196.620","199.000","7416816"
"002371","2020-08-21","202.000","203.300","197.210","199.400","4543869"
"002371","2020-08-24","201.000","201.000","192.000","194.700","5841384"
"002371","2020-08-25","200.000","200.000","192.550","195.390","4257828"
"002371","2020-08-26","194.990","194.990","182.990","184.700","8652758"
"002371","2020-08-27","185.110","192.960","181.010","189.000","6545612"
"002371","2020-08-28","190.000","192.230","186.680","190.740","4714031"
"002371","2020-08-31","193.000","194.100","184.300","184.300","7330051"
"002371","2020-09-01","183.500","187.200","182.040","185.920","4171637"
"002371","2020-09-02","186.000","186.910","179.200","180.030","7220348"
"002371","2020-09-03","181.880","185.500","177.500","184.990","7415508"
"002371","2020-09-04","182.000","195.000","181.170","187.050","11758205"
"002371","2020-09-07","187.000","187.000","168.350","170.130","14087006"
"002371","2020-09-08","168.900","169.970","164.360","167.090","7642170"
"002371","2020-09-09","164.510","164.720","150.500","155.000","9219506"
"002371","2020-09-10","159.000","161.650","155.500","156.430","6738099"
"002371","2020-09-11","155.950","159.300","153.000","157.200","8936460"
"002371","2020-09-14","157.200","157.990","151.530","153.400","8295135"
"002371","2020-09-15","153.440","163.770","151.460","160.000","9833563"
"002371","2020-09-16","157.760","160.700","155.050","155.970","5530449"
"002371","2020-09-17","156.000","161.990","153.870","160.480","6821272"
"002371","2020-09-18","160.090","163.830","158.350","163.580","5532279"
"002371","2020-09-21","163.900","169.840","162.700","163.570","6215075"
"002371","2020-09-22","160.700","163.000","158.310","158.730","3858055"
"002371","2020-09-23","159.830","161.980","158.000","160.310","4047125"
"002371","2020-09-24","158.690","160.000","156.000","156.880","3429501"
"002371","2020-09-25","158.400","158.880","155.080","156.850","3049269"
"002371","2020-09-28","155.030","156.490","151.800","154.760","4261231"
"002371","2020-09-29","157.590","164.890","156.170","161.090","6445319"
"002371","2020-09-30","162.000","162.500","158.210","159.060","3736913"
"002371","2020-10-09","163.100","164.260","160.310","161.700","4389980"
"002371","2020-10-12","164.000","177.870","162.510","177.870","10018845"
"002371","2020-10-13","178.300","180.350","175.660","179.990","6092452"
"002371","2020-10-14","180.000","180.300","173.000","174.000","5945997"
"002371","2020-10-15","174.050","179.200","169.990","171.550","5292729"
"002371","2020-10-16","172.460","174.550","169.000","173.210","3461671"
"002371","2020-10-19","173.920","174.990","167.250","168.280","4271688"
"002371","2020-10-20","168.000","171.140","165.080","170.570","3084054"
"002371","2020-10-21","170.750","171.000","156.110","164.400","9320411"
"002371","2020-10-22","160.800","164.300","160.100","161.110","3271004"
"002371","2020-10-23","161.010","164.500","157.220","157.720","3445598"
"002371","2020-10-26","156.500","160.780","155.010","159.500","2967391"
"002371","2020-10-27","157.910","163.000","157.550","162.280","2726041"
"002371","2020-10-28","161.590","164.000","158.510","163.800","3597177"
"002371","2020-10-29","160.280","163.490","160.000","161.340","3150813"
"002371","2020-10-30","162.000","176.000","161.900","171.000","10541225"
"002371","2020-11-02","171.550","181.000","170.000","178.960","9301195"
"002371","2020-11-03","180.200","185.520","178.060","180.900","8046950"
"002371","2020-11-04","180.900","180.930","173.820","174.010","7317185"
"002371","2020-11-05","179.010","181.490","175.100","178.650","6044408"
"002371","2020-11-06","178.650","190.000","175.990","189.880","10598979"
"002371","2020-11-09","192.910","208.800","192.900","204.490","12982105"
"002371","2020-11-10","199.000","199.200","190.800","195.000","10889793"
"002371","2020-11-11","191.590","194.000","179.010","179.260","10301996"
"002371","2020-11-12","182.790","182.790","176.500","179.700","5324885"
"002371","2020-11-13","177.000","184.980","176.000","181.870","5778800"
"002371","2020-11-16","181.800","181.800","176.660","179.400","5084062"
"002371","2020-11-17","179.120","183.830","171.050","183.320","8295124"
"002371","2020-11-18","181.500","182.990","177.000","179.480","5551324"
"002371","2020-11-19","176.000","183.000","175.400","178.890","4114265"
"002371","2020-11-20","178.800","180.580","175.580","176.170","4090782"
"002371","2020-11-23","175.300","178.500","173.210","176.170","4736574"
"002371","2020-11-24","175.960","179.860","175.960","176.900","5328436"
"002371","2020-11-25","176.900","178.980","175.510","176.900","4352320"
"002371","2020-11-26","177.880","178.540","169.200","169.350","6107502"
"002371","2020-11-27","168.220","172.530","166.500","169.660","4728888"
"002371","2020-11-30","170.000","173.780","166.920","172.000","5789380"
"002371","2020-12-01","171.480","172.200","169.530","171.400","4350193"
"002371","2020-12-02","172.000","175.400","170.400","171.060","7479475"
"002371","2020-12-03","170.810","171.000","163.500","164.920","8300286"
"002371","2020-12-04","164.110","166.770","163.500","165.380","5204727"
"002371","2020-12-07","170.660","178.120","170.660","175.800","13035961"
"002371","2020-12-08","175.820","176.500","171.110","172.800","7441304"
"002371","2020-12-09","173.560","173.780","168.000","168.300","5535731"
"002371","2020-12-10","167.500","169.500","165.680","168.700","5386954"
"002371","2020-12-11","168.090","169.940","163.850","164.880","7275064"
"002371","2020-12-14","164.000","165.600","159.020","165.600","7550416"
"002371","2020-12-15","165.000","168.140","163.290","164.810","5766395"
"002371","2020-12-16","164.300","164.360","158.300","159.480","6535162"
"002371","2020-12-17","159.390","161.850","157.700","160.690","5301044"
"002371","2020-12-18","164.490","164.600","158.800","159.000","5527816"
"002371","2020-12-21","158.810","174.900","158.810","173.250","17884208"
"002371","2020-12-22","172.000","174.120","163.500","164.240","12321555"
"002371","2020-12-23","164.110","172.900","162.000","172.820","12404198"
"002371","2020-12-24","173.000","178.000","170.700","176.080","11449412"
"002371","2020-12-25","174.000","178.500","171.000","172.790","7621849"
"002371","2020-12-28","172.000","175.850","169.080","172.620","6625798"
"002371","2020-12-29","171.660","178.980","170.060","175.770","9002619"
"002371","2020-12-30","173.510","174.700","168.050","173.040","8704199"
"002371","2020-12-31","175.200","183.840","175.200","180.740","13934364"
"002371","2021-01-04","181.900","193.380","180.740","192.750","13428071"
"002371","2021-01-05","189.500","198.260","189.050","197.850","11875388"
"002371","2021-01-06","201.000","201.490","189.000","192.120","10041356"
"002371","2021-01-07","192.120","192.900","182.010","190.540","10684861"
"002371","2021-01-08","191.500","191.500","183.080","187.250","10353087"
"002371","2021-01-11","189.000","205.980","189.000","200.120","15207952"
"002371","2021-01-12","200.120","208.560","197.560","206.290","11480642"
"002371","2021-01-13","205.010","226.920","205.010","223.200","18285512"
"002371","2021-01-14","225.990","228.000","213.500","218.580","15512396"
"002371","2021-01-15","220.010","228.000","205.200","214.860","16613251"
"002371","2021-01-18","212.020","236.000","207.180","233.980","13049920"
"002371","2021-01-19","232.000","237.980","227.680","231.010","10172248"
"002371","2021-01-20","227.000","232.580","223.210","227.500","8363549"
"002371","2021-01-21","229.000","231.700","222.070","225.100","9517262"
"002371","2021-01-22","226.500","228.380","210.160","221.010","13567245"
"002371","2021-01-25","219.830","228.000","214.560","223.190","11380570"
"002371","2021-01-26","222.960","227.320","213.770","218.300","7613913"
"002371","2021-01-27","217.600","220.800","210.000","216.680","6454805"
"002371","2021-01-28","213.600","214.280","199.380","200.730","9675363"
"002371","2021-01-29","204.010","206.580","196.500","200.400","6960682"
"002371","2021-02-01","200.880","204.880","198.500","201.990","4365406"
"002371","2021-02-02","201.800","204.400","191.180","204.040","7763957"
"002371","2021-02-03","201.500","203.000","194.440","196.500","7596176"
"002371","2021-02-04","192.000","196.480","185.880","194.000","10676216"
"002371","2021-02-05","196.010","196.500","188.000","189.700","6715220"
"002371","2021-02-08","190.020","199.990","190.010","197.600","6535458"
"002371","2021-02-09","197.600","203.200","195.000","201.000","6264147"
"002371","2021-02-10","201.010","204.310","196.500","201.590","5839374"
"002371","2021-02-18","206.660","218.160","203.660","210.950","10734482"
"002371","2021-02-19","207.890","207.940","193.080","198.200","9518265"
"002371","2021-02-22","195.900","199.420","192.000","192.800","6094540"
"002371","2021-02-23","189.030","196.230","187.850","192.860","4755550"
"002371","2021-02-24","192.500","201.500","191.010","194.600","6855150"
"002371","2021-02-25","198.000","199.580","186.910","191.130","7715595"
"002371","2021-02-26","185.000","188.290","177.400","179.400","8928866"
"002371","2021-03-01","182.340","186.390","180.250","186.180","5239339"
"002371","2021-03-02","195.470","202.680","194.110","199.900","12605811"
"002371","2021-03-03","196.700","196.700","185.200","189.990","9848419"
"002371","2021-03-04","193.000","193.410","182.010","183.400","7383759"
"002371","2021-03-05","178.000","181.990","177.000","181.980","5327297"
"002371","2021-03-08","182.980","183.990","164.440","165.010","8926688"
"002371","2021-03-09","161.710","162.880","154.300","155.130","8622741"
"002371","2021-03-10","158.660","159.000","151.880","152.300","8022659"
"002371","2021-03-11","152.720","160.360","148.600","156.100","11071048"
"002371","2021-03-12","156.100","157.490","150.550","152.490","7237515"
"002371","2021-03-15","149.550","149.550","144.290","145.560","7081029"
"002371","2021-03-16","149.070","149.520","138.990","139.550","8643651"
"002371","2021-03-17","143.500","145.390","140.680","144.800","6461209"
"002371","2021-03-18","145.420","146.000","143.510","144.900","3993202"
"002371","2021-03-19","141.020","145.530","140.220","142.000","4690012"
"002371","2021-03-22","142.280","143.490","137.900","140.760","5449193"
"002371","2021-03-23","140.830","144.260","138.550","139.950","4366356"
"002371","2021-03-24","138.700","139.850","133.530","134.100","5472691"
"002371","2021-03-25","134.000","140.740","133.640","138.850","5618582"
"002371","2021-03-26","139.500","142.880","138.000","141.450","4932779"
"002371","2021-03-29","142.380","146.040","141.470","142.370","5583006"
"002371","2021-03-30","142.400","145.540","141.500","144.380","4498554"
"002371","2021-03-31","144.030","144.380","140.300","143.540","3314657"
"002371","2021-04-01","144.240","152.180","144.240","151.990","7014861"
"002371","2021-04-02","152.200","167.000","152.200","164.250","10856264"
"002371","2021-04-06","164.260","165.000","159.000","160.290","6213480"
"002371","2021-04-07","161.380","164.490","157.830","163.400","6221245"
"002371","2021-04-08","161.030","166.800","160.500","162.210","5315080"
"002371","2021-04-09","161.290","165.090","158.980","159.500","4252602"
"002371","2021-04-12","162.000","165.500","160.200","162.300","6415604"
"002371","2021-04-13","161.560","161.950","156.800","157.500","4594488"
"002371","2021-04-14","158.010","159.500","154.800","155.450","4462078"
"002371","2021-04-15","155.510","156.000","149.050","153.200","5487536"
"002371","2021-04-16","153.990","154.910","147.280","151.120","4374904"
"002371","2021-04-19","152.000","157.790","148.330","157.490","5085628"
"002371","2021-04-20","155.010","158.480","155.010","156.850","3734941"
"002371","2021-04-21","155.020","158.660","154.700","158.030","3718680"
"002371","2021-04-22","157.000","160.000","151.910","155.930","7141554"
"002371","2021-04-23","155.930","164.710","155.800","163.970","7477079"
"002371","2021-04-26","164.630","172.880","164.630","166.400","8158466"
"002371","2021-04-27","165.100","170.700","165.010","166.170","5313658"
"002371","2021-04-28","166.650","166.990","160.620","164.300","5530322"
"002371","2021-04-29","165.200","172.860","164.500","169.780","7439422"
"002371","2021-04-30","169.790","169.900","164.280","165.620","6001334"
"002371","2021-05-06","162.500","168.660","160.700","167.500","5361055"
"002371","2021-05-07","166.620","172.780","162.300","162.300","6713219"
"002371","2021-05-10","160.140","161.010","150.000","152.200","7638803"
"002371","2021-05-11","149.880","154.000","148.130","153.000","4336114"
"002371","2021-05-12","151.810","165.200","150.500","163.490","5803250"
"002371","2021-05-13","159.900","163.300","158.180","159.200","3524258"
"002371","2021-05-14","161.030","165.100","158.460","163.750","4006904"
"002371","2021-05-17","165.900","174.710","165.300","169.940","6688774"
"002371","2021-05-18","171.000","179.840","171.000","176.460","7324534"
"002371","2021-05-19","175.500","181.000","173.130","176.080","4684050"
"002371","2021-05-20","175.000","176.450","172.380","174.200","4350761"
"002371","2021-05-21","175.130","177.590","168.580","168.910","4052791"
"002371","2021-05-24","172.050","172.500","166.000","171.230","5436367"
"002371","2021-05-25","171.000","176.860","168.400","176.750","9163336"
"002371","2021-05-26","176.760","178.400","173.020","174.400","6555538"
"002371","2021-05-27","173.000","191.500","173.000","188.880","12983662"
"002371","2021-05-28","185.500","191.830","185.360","187.150","11986735"
"002371","2021-05-31","190.150","195.620","184.700","188.200","9102542"
"002371","2021-06-01","187.860","206.880","187.040","202.000","14358767"
"002371","2021-06-02","200.650","206.790","198.600","205.000","9639098"
"002371","2021-06-03","202.000","206.560","196.860","203.940","6538278"
"002371","2021-06-04","202.800","213.620","198.390","209.000","8784993"
"002371","2021-06-07","217.000","229.000","214.000","215.600","10521465"
"002371","2021-06-08","216.680","219.560","209.900","216.550","6541028"
"002371","2021-06-09","214.580","221.150","213.520","217.040","5710030"
"002371","2021-06-10","218.200","229.160","218.200","228.200","6956287"
"002371","2021-06-11","227.000","228.000","216.280","219.080","6895788"
"002371","2021-06-15","217.850","240.000","217.020","238.030","11023147"
"002371","2021-06-16","237.000","243.390","227.230","228.990","8332201"
"002371","2021-06-17","231.010","251.890","227.690","251.890","13065645"
"002371","2021-06-18","251.890","261.830","247.860","260.410","12600075"
"002371","2021-06-21","256.000","258.950","248.100","251.970","10467080"
"002371","2021-06-22","252.100","256.300","248.100","251.700","6400881"
"002371","2021-06-23","251.700","274.880","249.000","269.700","9880994"
"002371","2021-06-24","269.530","269.530","248.600","257.930","10281363"
"002371","2021-06-25","256.020","265.330","251.000","264.000","7805738"
"002371","2021-06-28","266.000","278.300","266.000","269.350","7407987"
"002371","2021-06-29","269.350","275.480","262.580","273.880","6008836"
"002371","2021-06-30","273.760","295.770","272.600","277.380","8979720"
"002371","2021-07-01","271.010","282.000","267.000","268.000","7158988"
"002371","2021-07-02","262.700","272.340","254.030","266.690","7750231"
"002371","2021-07-05","272.020","289.990","271.220","287.880","7840907"
"002371","2021-07-06","285.000","299.910","278.000","289.000","8291830"
"002371","2021-07-07","281.000","312.500","275.000","308.290","9737481"
"002371","2021-07-08","305.000","330.000","304.000","329.500","7947045"
"002371","2021-07-09","320.370","340.870","308.010","329.000","7796424"
"002371","2021-07-12","328.000","344.200","314.950","334.640","8046494"
"002371","2021-07-13","330.000","333.910","310.000","323.330","7758587"
"002371","2021-07-14","319.890","328.880","314.000","316.630","5986432"
"002371","2021-07-15","313.000","335.000","310.740","332.000","7426785"
"002371","2021-07-16","328.000","351.000","320.000","324.210","7222521"
"002371","2021-07-19","320.000","334.200","319.340","323.150","5589975"
"002371","2021-07-20","318.150","326.330","308.180","314.770","7361426"
"002371","2021-07-21","322.320","346.250","318.650","346.250","10427675"
"002371","2021-07-22","350.000","380.880","335.500","375.180","12041534"
"002371","2021-07-23","375.000","384.660","367.380","373.380","7253547"
"002371","2021-07-26","369.470","380.740","353.010","368.550","7015958"
"002371","2021-07-27","371.990","405.020","362.000","373.000","11127465"
"002371","2021-07-28","364.000","374.160","337.030","372.880","10578149"
"002371","2021-07-29","379.950","400.010","365.500","393.960","11603708"
"002371","2021-07-30","389.880","432.000","386.080","432.000","9200238"
"002371","2021-08-02","423.240","429.640","389.650","402.600","11910830"
"002371","2021-08-03","377.000","391.720","362.340","362.340","12408782"
"002371","2021-08-04","362.340","398.000","352.260","397.000","14114481"
"002371","2021-08-05","383.000","389.600","371.150","381.970","8748480"
"002371","2021-08-06","385.500","393.660","360.880","376.000","10167039"
"002371","2021-08-09","363.500","380.380","338.400","365.880","11339102"
"002371","2021-08-10","362.740","370.000","344.000","355.620","6890923"
"002371","2021-08-11","355.000","374.800","350.650","363.000","7459073"
"002371","2021-08-12","360.000","389.310","359.000","370.970","6726446"
"002371","2021-08-13","371.830","371.830","348.800","348.980","6810148"
"002371","2021-08-16","337.010","356.660","331.130","346.750","8142871"
"002371","2021-08-17","346.020","352.540","321.890","324.600","10206495"
"002371","2021-08-18","330.490","348.100","329.000","341.000","7440378"
"002371","2021-08-19","345.630","373.110","340.000","362.480","8721923"
"002371","2021-08-20","362.510","376.260","359.660","365.800","7419730"
"002371","2021-08-23","372.490","399.960","360.170","397.030","9408320"
"002371","2021-08-24","396.030","412.000","388.000","390.000","6412186"
"002371","2021-08-25","400.100","401.550","380.490","394.600","5085084"
"002371","2021-08-26","390.200","401.250","381.900","383.000","5514009"
"002371","2021-08-27","380.000","394.350","378.010","390.000","4142186"
"002371","2021-08-30","391.710","398.280","351.000","351.010","11102463"
"002371","2021-08-31","351.020","373.890","349.940","355.850","11928340"
"002371","2021-09-01","361.880","362.000","332.860","345.000","8168505"
"002371","2021-09-02","349.690","349.690","312.000","317.080","14065108"
"002371","2021-09-03","311.500","343.880","307.770","329.000","12292648"
"002371","2021-09-06","326.640","348.880","325.300","345.000","7635050"
"002371","2021-09-07","345.690","352.000","335.910","342.750","4872696"
"002371","2021-09-08","339.880","352.910","337.000","343.000","4080368"
"002371","2021-09-09","337.010","345.640","328.000","338.870","5035896"
"002371","2021-09-10","339.000","372.760","335.030","369.700","8992145"
"002371","2021-09-13","367.000","368.000","337.000","342.470","7993976"
"002371","2021-09-14","342.950","376.720","338.500","376.720","8970894"
"002371","2021-09-15","380.900","390.260","369.230","373.900","7320600"
"002371","2021-09-16","365.000","374.900","356.170","358.030","5499440"
"002371","2021-09-17","359.370","372.180","347.760","357.000","4471330"
"002371","2021-09-22","349.140","390.000","348.900","370.990","6427101"
"002371","2021-09-23","380.080","391.580","360.500","384.990","7079320"
"002371","2021-09-24","384.900","395.000","377.200","382.660","5594818"
"002371","2021-09-27","390.000","403.000","372.010","376.110","6586359"
"002371","2021-09-28","376.410","389.860","358.000","377.220","6151081"
"002371","2021-09-29","366.690","372.000","360.010","362.200","5402629"
"002371","2021-09-30","362.000","375.620","353.050","365.690","6590861"
"002371","2021-10-08","375.620","376.600","339.590","353.010","8459961"
"002371","2021-10-11","355.000","356.990","335.500","337.600","7621368"
"002371","2021-10-12","335.000","345.230","328.050","329.780","5320758"
"002371","2021-10-13","331.780","339.690","325.450","337.250","5100057"
"002371","2021-10-14","333.990","342.470","329.190","338.960","3255178"
"002371","2021-10-15","340.000","359.540","332.510","354.050","6796014"
"002371","2021-10-18","349.830","360.010","337.360","359.300","5625927"
"002371","2021-10-19","353.000","360.960","343.010","344.000","5273200"
"002371","2021-10-20","346.000","352.330","343.360","347.220","3816432"
"002371","2021-10-21","347.390","351.500","336.770","342.430","3396802"
"002371","2021-10-22","345.210","370.000","339.000","368.000","8242648"
"002371","2021-10-25","366.810","376.890","366.000","374.700","5088353"
"002371","2021-10-26","375.000","381.500","367.500","375.910","3770704"
"002371","2021-10-27","375.910","379.000","365.550","375.980","3770186"
"002371","2021-10-28","379.210","385.500","371.810","375.500","4066169"
"002371","2021-10-29","371.360","393.340","364.600","371.250","6695597"
"002371","2021-11-01","366.000","388.880","365.000","381.000","5740206"
"002371","2021-11-02","385.200","403.050","379.000","398.000","7097945"
"002371","2021-11-03","405.600","413.900","377.100","387.510","5639233"
"002371","2021-11-04","389.000","399.510","380.030","382.260","4613525"
"002371","2021-11-05","386.090","396.260","376.770","378.000","4571392"
"002371","2021-11-08","371.000","385.880","366.000","381.440","4147170"
"002371","2021-11-09","384.000","404.660","375.060","404.200","7084705"
"002371","2021-11-10","399.800","412.200","395.500","411.000","6020243"
"002371","2021-11-11","401.940","452.100","401.940","451.900","11258924"
"002371","2021-11-12","446.040","452.780","435.780","440.990","6686250"
"002371","2021-11-15","441.990","444.000","410.000","415.810","7001238"
"002371","2021-11-16","415.820","417.990","399.000","407.060","4765460"
"002371","2021-11-17","411.110","411.200","393.000","409.130","4632278"
"002371","2021-11-18","405.010","412.990","396.850","405.260","3459558"
"002371","2021-11-19","404.000","405.980","386.080","395.510","5744821"
"002371","2021-11-22","388.710","405.990","388.710","403.560","6976758"
"002371","2021-11-23","399.000","401.800","385.190","388.000","6368405"
"002371","2021-11-24","385.010","393.890","384.500","386.800","3846054"
"002371","2021-11-25","383.500","394.800","383.000","391.600","4139199"
"002371","2021-11-26","388.390","388.390","371.230","372.090","6591135"
"002371","2021-11-29","366.000","378.500","364.880","376.330","3942609"
"002371","2021-11-30","379.000","390.910","376.330","386.990","5785667"
"002371","2021-12-01","383.000","393.870","377.740","381.700","3612819"
"002371","2021-12-02","379.000","385.580","373.000","377.980","3849973"
"002371","2021-12-03","382.000","388.880","375.500","387.000","5934498"
"002371","2021-12-06","384.990","388.000","379.510","384.720","3821447"
"002371","2021-12-07","388.000","388.000","360.720","363.760","5707270"
"002371","2021-12-08","364.350","378.850","364.310","378.390","5171362"
"002371","2021-12-09","376.000","378.960","368.720","374.200","4076717"
"002371","2021-12-10","371.460","374.000","365.210","367.920","4784748"
"002371","2021-12-13","367.940","373.790","365.050","369.000","3613022"
"002371","2021-12-14","368.740","369.350","361.000","368.500","4710218"
"002371","2021-12-15","366.000","371.540","357.700","361.060","3883966"
"002371","2021-12-16","363.180","375.500","361.000","369.500","5469998"
"002371","2021-12-17","366.000","368.000","342.180","345.500","7581814"
"002371","2021-12-20","343.000","356.880","341.000","343.000","6373203"
"002371","2021-12-21","342.980","353.490","342.110","346.480","4461888"
"002371","2021-12-22","349.010","355.000","342.400","342.800","4692601"
"002371","2021-12-23","344.060","347.690","338.010","340.800","3440942"
"002371","2021-12-24","340.690","344.990","323.000","330.000","6607854"
"002371","2021-12-27","332.990","333.220","321.000","324.360","4289065"
"002371","2021-12-28","324.500","329.990","320.700","329.720","5416879"
"002371","2021-12-29","330.020","335.900","323.000","329.670","4460670"
"002371","2021-12-30","328.210","343.780","326.340","340.110","7221312"
"002371","2021-12-31","340.880","347.700","335.000","347.020","5207794"
"002371","2022-01-04","345.900","348.560","312.320","315.600","11388773"
"002371","2022-01-05","314.010","317.900","298.880","300.000","9923996"
"002371","2022-01-06","298.000","305.500","290.440","296.840","6698066"
"002371","2022-01-07","296.840","303.890","291.000","293.350","5428393"
"002371","2022-01-10","292.110","295.070","284.700","288.850","5810185"
"002371","2022-01-11","287.200","288.200","274.920","277.000","10098709"
"002371","2022-01-12","286.550","300.000","281.000","294.000","11758050"
"002371","2022-01-13","295.000","295.970","282.230","283.450","6854422"
"002371","2022-01-14","289.000","298.760","281.170","288.710","9755162"
"002371","2022-01-17","296.000","313.890","296.000","307.600","11073307"
"002371","2022-01-18","309.980","325.010","309.000","314.600","8644553"
"002371","2022-01-19","313.000","316.790","301.800","306.490","6343482"
"002371","2022-01-20","304.300","309.000","299.620","304.990","3787487"
"002371","2022-01-21","303.000","309.000","292.180","294.290","7227027"
"002371","2022-01-24","291.370","302.500","289.160","300.000","6192978"
"002371","2022-01-25","298.800","308.950","296.990","297.100","4586355"
"002371","2022-01-26","298.000","314.900","298.000","309.000","7261071"
"002371","2022-01-27","308.740","311.250","292.000","294.000","5861999"
"002371","2022-01-28","295.660","302.500","282.800","283.000","4744965"
"002371","2022-02-07","290.830","298.290","278.310","282.000","5242207"
"002371","2022-02-08","279.150","280.850","254.000","258.920","11345736"
"002371","2022-02-09","257.500","263.200","249.450","255.550","9485737"
"002371","2022-02-10","257.000","262.230","252.110","256.600","6018219"
"002371","2022-02-11","253.000","259.080","248.980","249.190","4653379"
"002371","2022-02-14","244.990","255.500","238.120","251.500","5986635"
"002371","2022-02-15","252.900","267.000","249.900","266.700","7608531"
"002371","2022-02-16","268.330","270.000","263.600","266.000","4213875"
"002371","2022-02-17","266.000","272.400","263.500","270.650","5330706"
"002371","2022-02-18","267.090","276.240","265.700","269.000","4986146"
"002371","2022-02-21","269.000","271.990","262.220","263.700","4157492"
"002371","2022-02-22","263.740","269.570","255.510","267.390","4991205"
"002371","2022-02-23","266.010","294.130","266.010","294.130","6769666"
"002371","2022-02-24","295.000","303.000","286.930","293.500","11070184"
"002371","2022-02-25","302.000","309.000","292.000","301.550","10851699"
"002371","2022-02-28","301.580","309.100","298.000","303.150","5756709"
"002371","2022-03-01","304.520","304.980","297.060","303.100","4213385"
"002371","2022-03-02","300.110","300.110","290.010","296.000","5028254"
"002371","2022-03-03","297.900","299.000","283.460","284.370","4982619"
"002371","2022-03-04","279.990","301.860","278.240","292.050","7511376"
"002371","2022-03-07","287.110","288.490","272.940","274.440","7006090"
"002371","2022-03-08","274.440","294.680","273.000","285.800","9175605"
"002371","2022-03-09","292.000","301.800","283.010","294.020","10759982"
"002371","2022-03-10","306.500","316.000","302.660","308.850","10710679"
"002371","2022-03-11","299.000","309.580","288.880","300.300","10602257"
"002371","2022-03-14","292.980","300.920","290.510","291.000","6028033"
"002371","2022-03-15","284.000","310.800","283.560","296.960","9590815"
"002371","2022-03-16","306.000","320.000","290.000","319.990","10825271"
"002371","2022-03-17","320.200","334.050","308.980","310.100","11461327"
"002371","2022-03-18","308.500","312.980","304.820","309.990","4660843"
"002371","2022-03-21","310.000","316.110","302.410","313.510","4997548"
"002371","2022-03-22","315.000","315.500","303.310","305.250","3859294"
"002371","2022-03-23","305.970","306.490","296.000","300.390","4269171"
"002371","2022-03-24","297.000","298.860","287.800","297.000","4343489"
"002371","2022-03-25","299.000","301.500","286.000","286.000","4259613"
"002371","2022-03-28","279.600","289.990","278.600","283.000","4164253"
"002371","2022-03-29","283.000","289.650","273.210","275.910","4828602"
"002371","2022-03-30","279.500","291.000","278.000","291.000","5853963"
"002371","2022-03-31","287.240","288.400","270.280","274.000","7037011"
"002371","2022-04-01","273.000","280.490","269.320","275.400","4623225"
"002371","2022-04-06","275.210","275.750","260.000","263.870","5957884"
"002371","2022-04-07","263.890","267.990","258.800","259.370","4360283"
"002371","2022-04-08","259.370","266.330","254.260","262.000","4853761"
"002371","2022-04-11","258.500","260.490","247.480","249.300","4526596"
"002371","2022-04-12","250.800","252.680","239.050","249.990","5723596"
"002371","2022-04-13","246.000","248.990","239.110","241.800","4476286"
"002371","2022-04-14","247.150","265.980","238.000","262.030","8721779"
"002371","2022-04-15","256.590","264.640","251.020","261.380","6713531"
"002371","2022-04-18","260.000","274.150","259.150","273.000","6902786"
"002371","2022-04-19","272.700","274.000","263.070","264.680","4675727"
"002371","2022-04-20","265.980","268.450","261.010","262.600","3493804"
"002371","2022-04-21","260.060","270.990","258.000","261.980","4830095"
"002371","2022-04-22","261.880","265.800","246.000","254.500","7595320"
"002371","2022-04-25","245.040","248.990","229.050","229.050","7309014"
"002371","2022-04-26","222.540","232.420","222.540","224.880","5485304"
"002371","2022-04-27","219.000","242.690","218.000","241.590","8454727"
"002371","2022-04-28","238.620","244.450","232.000","237.720","6509957"
"002371","2022-04-29","241.000","244.310","225.160","239.000","10509938"
"002371","2022-05-05","236.000","240.160","220.820","235.010","11483456"
"002371","2022-05-06","225.000","232.500","220.890","222.000","7822484"
"002371","2022-05-09","219.000","219.680","209.000","210.300","9363997"
"002371","2022-05-10","207.970","231.330","206.000","228.800","16795718"
"002371","2022-05-11","226.540","246.440","225.010","236.700","14693094"
"002371","2022-05-12","235.150","251.900","234.230","245.550","9182185"
"002371","2022-05-13","248.000","250.390","241.100","248.800","6388866"
"002371","2022-05-16","248.820","252.980","241.100","242.210","5442074"
"002371","2022-05-17","243.600","260.500","241.110","259.000","8638361"
"002371","2022-05-18","262.000","266.660","258.680","263.190","6647198"
"002371","2022-05-19","259.000","270.530","258.000","265.930","6177763"
"002371","2022-05-20","266.100","272.000","259.700","263.100","5178573"
"002371","2022-05-23","263.000","269.000","257.300","267.410","4955556"
"002371","2022-05-24","265.400","273.880","260.200","261.500","5952557"
"002371","2022-05-25","260.420","268.480","258.700","261.530","4692967"
"002371","2022-05-26","261.000","261.000","249.030","255.990","4530745"
"002371","2022-05-27","259.000","266.180","254.700","256.200","4180551"
"002371","2022-05-30","257.300","261.000","252.600","258.800","3311013"
"002371","2022-05-31","257.730","270.530","254.000","270.000","7089809"
"002371","2022-06-01","267.000","281.080","265.000","272.460","6429548"
"002371","2022-06-02","271.500","296.190","270.010","288.710","10447966"
"002371","2022-06-06","285.800","293.220","282.220","291.500","8094063"
"002371","2022-06-07","288.000","289.580","277.750","278.180","7281464"
"002371","2022-06-08","278.000","287.270","275.800","279.700","6340084"
"002371","2022-06-09","279.000","279.000","265.530","267.350","7453398"
"002371","2022-06-10","267.090","273.680","260.220","272.010","9143926"
"002371","2022-06-13","267.270","269.470","260.880","265.040","7211452"
"002371","2022-06-14","261.000","265.480","238.550","250.100","15057479"
"002371","2022-06-15","248.100","262.000","247.500","255.500","10350346"
"002371","2022-06-16","254.230","267.180","253.270","261.600","8138983"
"002371","2022-06-17","258.010","260.500","250.000","256.610","9937155"
"002371","2022-06-20","258.000","267.530","252.300","262.500","9253307"
"002371","2022-06-21","262.510","272.950","258.120","266.050","9568434"
"002371","2022-06-22","265.800","266.080","252.100","254.300","10853066"
"002371","2022-06-23","253.550","265.490","253.000","264.800","9679752"
"002371","2022-06-24","265.010","271.000","261.010","268.400","8312013"
"002371","2022-06-27","270.000","278.000","270.000","272.400","8304501"
"002371","2022-06-28","271.600","282.100","263.400","279.660","11535158"
"002371","2022-06-29","276.000","288.690","272.800","273.040","12796157"
"002371","2022-06-30","272.500","281.000","272.180","277.120","6228993"
"002371","2022-07-01","279.000","286.680","274.160","282.080","7250004"
"002371","2022-07-04","277.000","277.000","258.480","266.110","13270345"
"002371","2022-07-05","269.000","281.000","268.000","274.600","10757300"
"002371","2022-07-06","274.780","302.060","274.780","294.000","19533082"
"002371","2022-07-07","298.000","302.010","288.090","299.300","13811417"
"002371","2022-07-08","300.010","310.000","298.000","305.000","10367305"
"002371","2022-07-11","302.900","309.440","295.700","299.540","7413008"
"002371","2022-07-12","306.800","308.410","276.090","280.990","14744882"
"002371","2022-07-13","280.000","285.290","274.860","281.000","6922323"
"002371","2022-07-14","278.530","285.880","276.360","277.510","7042054"
"002371","2022-07-15","278.000","290.000","277.990","280.800","6878192"
"002371","2022-07-18","283.010","284.000","262.670","271.150","13320508"
"002371","2022-07-19","268.000","272.220","260.000","264.420","8133378"
"002371","2022-07-20","266.880","274.500","264.560","266.150","7009803"
"002371","2022-07-21","266.310","290.750","265.000","280.570","14468013"
"002371","2022-07-22","284.000","284.000","269.400","273.400","7676625"
"002371","2022-07-25","270.210","274.940","265.010","272.000","5522638"
"002371","2022-07-26","271.600","273.500","265.500","271.430","5411372"
"002371","2022-07-27","270.000","270.000","261.860","263.990","7034336"
"002371","2022-07-28","267.500","274.300","264.870","269.260","6892439"
"002371","2022-07-29","267.090","267.150","253.200","253.580","11292985"
"002371","2022-08-01","249.970","258.500","241.800","256.460","9547117"
"002371","2022-08-02","254.000","273.500","251.110","270.010","15589360"
"002371","2022-08-03","273.000","295.070","265.870","285.450","17625262"
"002371","2022-08-04","287.950","295.730","284.000","288.600","10862078"
"002371","2022-08-05","288.600","317.460","286.330","317.460","15695751"
"002371","2022-08-08","327.000","338.330","320.000","324.880","16761374"
"002371","2022-08-09","322.930","331.180","304.820","325.880","14029599"
"002371","2022-08-10","315.870","338.120","312.450","331.500","13430022"
"002371","2022-08-11","329.990","338.500","324.000","333.580","8388804"
"002371","2022-08-12","330.800","339.000","325.250","326.100","6659123"
"002371","2022-08-15","328.790","336.780","325.010","327.400","6034309"
"002371","2022-08-16","326.330","335.880","312.000","313.880","11696739"
"002371","2022-08-17","314.050","316.080","306.500","315.080","8396118"
"002371","2022-08-18","311.000","318.290","308.000","315.630","5970325"
"002371","2022-08-19","313.890","318.880","305.000","306.620","6369197"
"002371","2022-08-22","307.000","311.800","302.500","308.490","4566964"
"002371","2022-08-23","307.010","308.390","298.100","299.780","6222891"
"002371","2022-08-24","299.780","299.900","287.010","287.830","6435098"
"002371","2022-08-25","288.990","290.690","283.000","288.080","4633666"
"002371","2022-08-26","290.000","291.160","282.440","282.540","4864290"
"002371","2022-08-29","278.000","295.000","276.880","284.280","7197794"
"002371","2022-08-30","285.800","291.500","282.280","287.510","5783083"
"002371","2022-08-31","286.000","288.830","277.000","282.000","5909009"
"002371","2022-09-01","288.000","292.490","279.300","280.850","6260569"
"002371","2022-09-02","282.000","289.520","278.500","285.550","6111781"
"002371","2022-09-05","283.000","290.200","272.010","290.010","7389433"
"002371","2022-09-06","289.910","295.000","287.180","290.000","5529401"
"002371","2022-09-07","295.980","316.600","295.010","315.000","10134040"
"002371","2022-09-08","311.750","319.990","307.730","313.030","6082439"
"002371","2022-09-09","312.010","315.000","308.000","312.500","4368822"
"002371","2022-09-13","314.000","321.300","311.200","314.030","3514476"
"002371","2022-09-14","307.800","328.780","306.010","326.410","6929006"
"002371","2022-09-15","323.000","325.000","302.630","311.000","8247372"
"002371","2022-09-16","308.000","323.880","306.000","315.760","6551925"
"002371","2022-09-19","313.100","325.000","312.400","316.000","6456812"
"002371","2022-09-20","316.000","317.900","297.850","310.350","5605989"
"002371","2022-09-21","307.020","309.230","296.300","297.220","5777273"
"002371","2022-09-22","295.020","300.000","289.410","295.880","4305216"
"002371","2022-09-23","296.000","297.890","282.830","285.000","5297733"
"002371","2022-09-26","281.120","296.500","281.050","291.050","4877415"
"002371","2022-09-27","291.100","300.650","288.980","294.980","4667201"
"002371","2022-09-28","294.960","294.990","283.030","285.220","3228496"
"002371","2022-09-29","285.380","293.800","277.800","291.780","4846347"
"002371","2022-09-30","294.800","294.800","278.020","278.400","4407241"
"002371","2022-10-10","265.000","265.000","250.560","250.560","4378845"
"002371","2022-10-11","238.000","240.000","225.500","225.500","12058784"
"002371","2022-10-12","221.510","232.990","211.970","232.000","16605811"
"002371","2022-10-13","225.160","231.000","220.960","221.800","12346999"
"002371","2022-10-14","226.200","226.880","213.110","224.880","15470881"
"002371","2022-10-17","219.430","245.440","218.560","243.000","17190425"
"002371","2022-10-18","240.000","241.800","233.300","238.900","9929420"
"002371","2022-10-19","236.790","244.070","234.280","241.000","7729391"
"002371","2022-10-20","238.000","265.100","237.930","265.100","11212496"
"002371","2022-10-21","260.000","270.890","248.950","262.620","11068957"
"002371","2022-10-24","259.000","275.540","257.000","265.900","9340640"
"002371","2022-10-25","262.200","271.880","258.310","261.690","7422287"
"002371","2022-10-26","261.000","268.000","257.660","261.800","8427807"
"002371","2022-10-27","260.230","268.080","255.610","262.950","8877930"
"002371","2022-10-28","258.780","274.000","258.000","265.900","8845930"
"002371","2022-10-31","267.970","273.850","260.510","265.700","8226510"
"002371","2022-11-01","263.000","265.990","258.000","264.920","7251829"
"002371","2022-11-02","262.800","270.000","259.900","261.650","7691584"
"002371","2022-11-03","258.000","271.650","257.000","267.500","8013108"
"002371","2022-11-04","266.070","274.470","261.700","272.600","9602239"
"002371","2022-11-07","270.600","277.500","263.000","263.650","8325600"
"002371","2022-11-08","263.400","264.990","255.580","258.460","6526132"
"002371","2022-11-09","258.360","260.880","247.000","249.600","8921811"
"002371","2022-11-10","247.200","250.960","233.200","235.000","15306474"
"002371","2022-11-11","246.750","247.980","237.790","238.220","13404991"
"002371","2022-11-14","237.000","242.740","234.450","237.480","8190719"
"002371","2022-11-15","239.480","253.000","237.010","250.010","13656986"
"002371","2022-11-16","250.000","250.000","241.010","242.130","7858253"
"002371","2022-11-17","240.410","242.580","231.020","242.450","10645510"
"002371","2022-11-18","239.990","244.900","230.010","230.530","10552431"
"002371","2022-11-21","228.000","233.000","226.770","230.700","5166792"
"002371","2022-11-22","230.000","235.000","224.770","229.710","6686699"
"002371","2022-11-23","228.330","229.910","221.670","225.760","7883855"
"002371","2022-11-24","227.000","232.230","225.580","229.620","6158539"
"002371","2022-11-25","227.000","234.440","224.500","225.010","7938305"
"002371","2022-11-28","220.000","224.620","218.770","224.000","6013859"
"002371","2022-11-29","224.000","228.000","220.440","225.010","6951272"
"002371","2022-11-30","224.150","228.210","221.000","222.890","6711318"
"002371","2022-12-01","226.000","232.200","224.570","230.990","11450882"
"002371","2022-12-02","229.000","232.650","225.160","226.930","8411597"
"002371","2022-12-05","226.920","227.500","221.000","224.350","7428211"
"002371","2022-12-06","224.350","240.880","223.010","238.300","16907644"
"002371","2022-12-07","239.000","241.980","236.500","239.320","8732267"
"002371","2022-12-08","239.000","241.120","235.160","238.000","5537496"
"002371","2022-12-09","239.000","249.010","239.000","244.810","12213079"
"002371","2022-12-12","245.000","250.000","240.500","243.960","9483119"
"002371","2022-12-13","243.960","243.960","234.380","235.300","9611746"
"002371","2022-12-14","249.900","250.550","240.290","242.300","19798620"
"002371","2022-12-15","238.610","253.500","238.060","247.120","11837872"
"002371","2022-12-16","244.000","244.830","238.000","241.220","8077439"
"002371","2022-12-19","239.000","241.170","234.000","234.400","6166158"
"002371","2022-12-20","232.000","236.980","229.200","231.830","5214343"
"002371","2022-12-21","231.780","232.200","225.330","228.000","4882853"
"002371","2022-12-22","228.890","229.490","222.650","222.950","5239768"
"002371","2022-12-23","218.150","222.000","216.000","217.820","6205485"
"002371","2022-12-26","217.390","224.260","217.390","223.760","5582454"
"002371","2022-12-27","223.760","228.200","221.800","227.520","4961713"
"002371","2022-12-28","225.800","227.320","222.010","224.800","4379105"
"002371","2022-12-29","225.280","231.330","223.930","227.640","6216923"
"002371","2022-12-30","230.200","230.790","224.250","225.300","4369320"
"002371","2023-01-03","224.010","231.000","222.060","230.300","6217311"
"002371","2023-01-04","230.350","234.980","225.160","226.300","8166793"
"002371","2023-01-05","226.000","229.960","224.000","228.310","6207914"
"002371","2023-01-06","226.950","231.100","225.100","228.320","6298644"
"002371","2023-01-09","229.000","233.000","226.500","229.400","6965500"
"002371","2023-01-10","229.400","234.660","228.500","230.500","8716006"
"002371","2023-01-11","234.500","240.000","228.300","228.900","11612296"
"002371","2023-01-12","231.100","231.280","223.990","225.610","6019060"
"002371","2023-01-13","226.320","227.280","224.050","227.110","4362495"
"002371","2023-01-16","225.000","238.880","224.160","236.000","12386263"
"002371","2023-01-17","235.870","243.930","235.000","242.560","9480354"
"002371","2023-01-18","242.580","244.000","238.070","239.200","4930266"
"002371","2023-01-19","238.900","245.880","238.000","245.660","6496646"
"002371","2023-01-20","245.000","247.300","242.160","245.690","5825476"
"002371","2023-01-30","247.520","248.800","243.500","244.130","8301575"
"002371","2023-01-31","243.000","244.970","233.700","234.290","11579380"
"002371","2023-02-01","234.300","238.870","234.300","238.160","7443547"
"002371","2023-02-02","242.630","261.180","241.990","255.590","19722630"
"002371","2023-02-03","253.000","256.000","249.610","252.810","8156972"
"002371","2023-02-06","254.000","257.580","249.110","254.000","8146902"
"002371","2023-02-07","254.600","254.800","247.170","249.640","7359676"
"002371","2023-02-08","248.420","252.000","244.160","244.960","6444339"
"002371","2023-02-09","243.000","253.500","241.380","253.200","9549178"
"002371","2023-02-10","251.330","253.780","245.080","248.490","7275433"
"002371","2023-02-13","244.000","253.000","240.700","252.290","8116531"
"002371","2023-02-14","251.500","260.550","245.110","248.260","8961537"
"002371","2023-02-15","250.000","257.000","246.160","255.930","8512494"
"002371","2023-02-16","254.110","261.900","250.000","251.100","9113838"
"002371","2023-02-17","250.000","250.960","236.780","238.040","12483707"
"002371","2023-02-20","236.480","239.830","234.000","239.070","6625577"
"002371","2023-02-21","238.450","241.460","236.330","239.050","4427999"
"002371","2023-02-22","236.960","243.500","236.610","240.910","5364374"
"002371","2023-02-23","239.000","242.300","237.560","240.100","4022002"
"002371","2023-02-24","241.360","242.400","237.000","237.330","4206751"
"002371","2023-02-27","235.730","236.330","230.160","230.770","6177000"
"002371","2023-02-28","231.980","235.380","229.000","233.250","5094060"
"002371","2023-03-01","231.760","233.660","230.300","233.650","5260938"
"002371","2023-03-02","239.000","241.040","234.000","234.700","7359653"
"002371","2023-03-03","241.990","249.000","240.880","248.940","17084411"
"002371","2023-03-06","246.000","257.500","245.000","254.880","12542750"
"002371","2023-03-07","254.880","257.280","247.250","247.660","8740513"
"002371","2023-03-08","247.660","252.990","246.300","248.980","6463462"
"002371","2023-03-09","250.000","261.680","249.400","258.290","15449972"
"002371","2023-03-10","257.110","266.660","256.500","261.170","12819016"
"002371","2023-03-13","260.990","265.900","258.400","262.840","8735907"
"002371","2023-03-14","260.000","282.000","259.410","278.000","16184491"
"002371","2023-03-15","282.640","282.900","270.510","272.000","12320958"
"002371","2023-03-16","270.710","274.800","263.950","267.000","10625603"
"002371","2023-03-17","273.260","273.600","264.000","270.000","10402439"
"002371","2023-03-20","269.190","282.210","266.350","277.290","13096843"
"002371","2023-03-21","274.300","278.490","267.780","273.790","9275436"
"002371","2023-03-22","274.000","274.910","265.000","267.520","8706015"
"002371","2023-03-23","264.930","271.700","263.910","268.350","10509707"
"002371","2023-03-24","267.000","267.000","256.950","259.010","12288996"
"002371","2023-03-27","259.000","259.000","250.770","252.420","10368721"
"002371","2023-03-28","251.300","253.800","247.160","247.340","6895895"
"002371","2023-03-29","247.400","272.070","246.680","271.870","21521384"
"002371","2023-03-30","269.990","272.500","260.020","263.970","14271474"
"002371","2023-03-31","264.200","268.880","260.500","265.850","9443901"
"002371","2023-04-03","270.100","281.880","269.000","279.890","16939165"
"002371","2023-04-04","277.000","296.660","276.500","283.330","16720428"
"002371","2023-04-06","283.330","311.660","283.000","307.430","21388178"
"002371","2023-04-07","307.430","313.620","305.610","312.660","12614663"
"002371","2023-04-10","313.200","318.880","297.000","299.700","13944295"
"002371","2023-04-11","300.820","304.850","291.040","295.400","11601010"
"002371","2023-04-12","296.120","300.860","288.450","296.200","8923152"
"002371","2023-04-13","292.900","293.740","284.140","286.010","10578485"
"002371","2023-04-14","300.000","314.610","298.500","314.610","16553507"
"002371","2023-04-17","327.000","338.810","323.510","328.900","20679492"
"002371","2023-04-18","326.210","327.960","315.000","322.500","13414787"
"002371","2023-04-19","319.990","333.540","319.900","327.600","16031421"
"002371","2023-04-20","321.620","354.860","321.000","352.000","17559202"
"002371","2023-04-21","348.990","358.030","336.060","337.270","13417825"
"002371","2023-04-24","339.000","342.550","329.370","332.910","10904790"
"002371","2023-04-25","337.300","342.200","325.200","330.880","13146592"
"002371","2023-04-26","328.360","338.480","319.960","334.990","13377236"
"002371","2023-04-27","329.480","349.480","326.180","336.300","11686321"
"002371","2023-04-28","336.310","344.150","328.900","334.520","11171834"
"002371","2023-05-04","334.780","334.780","319.110","322.320","9084441"
"002371","2023-05-05","320.000","329.250","319.510","322.130","7767728"
"002371","2023-05-08","302.140","314.580","295.030","301.230","15475591"
"002371","2023-05-09","301.230","311.130","301.000","301.180","8287140"
"002371","2023-05-10","298.960","299.990","286.000","289.500","10935013"
"002371","2023-05-11","294.810","296.220","287.000","289.700","5626809"
"002371","2023-05-12","291.010","298.350","283.500","285.700","7491037"
"002371","2023-05-15","282.000","289.520","280.100","288.720","7149184"
"002371","2023-05-16","288.720","298.870","285.330","296.950","9726035"
"002371","2023-05-17","296.330","305.850","295.000","300.760","7277255"
"002371","2023-05-18","299.000","304.500","298.130","301.240","4840090"
"002371","2023-05-19","303.000","305.700","297.240","301.280","5637880"
"002371","2023-05-22","301.490","303.900","296.000","297.310","3705460"
"002371","2023-05-23","296.360","296.360","290.730","291.480","4476121"
"002371","2023-05-24","291.320","302.010","288.600","297.510","7019474"
"002371","2023-05-25","296.520","299.900","294.010","299.160","4458670"
"002371","2023-05-26","300.500","305.680","298.020","301.600","4608540"
"002371","2023-05-29","303.500","309.380","299.090","304.550","7731209"
"002371","2023-05-30","301.490","306.640","295.570","305.110","7497631"
"002371","2023-05-31","304.010","309.380","301.000","303.450","5191221"
"002371","2023-06-01","299.990","300.810","294.200","296.650","7016568"
"002371","2023-06-02","296.850","301.500","293.890","298.190","5508268"
"002371","2023-06-05","319.900","328.010","315.180","317.000","16450134"
"002371","2023-06-06","313.500","317.100","307.820","309.500","9205487"
"002371","2023-06-07","309.500","312.730","305.010","308.000","5916816"
"002371","2023-06-08","307.230","307.330","299.000","301.900","5493073"
"002371","2023-06-09","301.900","307.000","297.550","307.000","6950589"
"002371","2023-06-12","304.880","316.990","304.010","315.800","7716710"
"002371","2023-06-13","314.710","321.230","311.500","320.500","6641680"
"002371","2023-06-14","318.490","322.880","316.300","316.600","5649236"
"002371","2023-06-15","316.600","320.120","313.150","317.450","5170674"
"002371","2023-06-16","315.330","320.580","314.500","320.400","5112735"
"002371","2023-06-19","318.600","319.730","313.350","315.570","5194653"
"002371","2023-06-20","313.000","315.000","310.000","310.970","5449569"
"002371","2023-06-21","307.900","310.970","294.520","294.900","8902727"
"002371","2023-06-26","294.000","300.880","291.200","298.150","5786277"
"002371","2023-06-27","298.150","306.000","297.000","300.980","4647421"
"002371","2023-06-28","301.000","325.000","300.980","314.030","10733572"
"002371","2023-06-29","313.600","318.600","310.000","311.790","4678357"
"002371","2023-06-30","310.050","319.980","307.050","317.650","5070132"
"002371","2023-07-03","322.980","324.980","298.890","303.920","10885916"
"002371","2023-07-04","302.910","310.770","301.000","306.540","5294587"
"002371","2023-07-05","304.020","305.300","294.000","295.000","7317508"
"002371","2023-07-06","293.500","294.000","286.010","289.990","5468220"
"002371","2023-07-07","288.110","288.110","283.650","285.140","4333891"
"002371","2023-07-10","284.010","287.990","283.320","286.480","3836415"
"002371","2023-07-11","286.200","294.110","285.010","293.770","6319468"
"002371","2023-07-12","293.000","293.000","284.000","284.760","6163541"
"002371","2023-07-13","285.150","290.630","284.660","289.530","5025079"
"002371","2023-07-14","290.400","299.100","287.770","298.900","9719972"
"002371","2023-07-17","300.000","302.000","286.580","288.700","10239692"
"002371","2023-07-18","288.000","290.880","285.500","286.560","5636857"
"002371","2023-07-19","285.130","287.500","272.980","276.630","10152381"
"002371","2023-07-20","276.600","278.800","274.500","276.970","4505292"
"002371","2023-07-21","274.980","274.980","268.180","269.380","6236331"
"002371","2023-07-24","268.000","270.160","266.800","267.440","3080181"
"002371","2023-07-25","269.990","278.730","267.890","274.510","5557319"
"002371","2023-07-26","272.940","281.300","272.520","277.760","6139881"
"002371","2023-07-27","276.010","277.490","273.030","273.830","3317154"
"002371","2023-07-28","273.850","278.800","273.250","276.000","4021883"
"002371","2023-07-31","276.000","285.000","275.000","283.830","7014582"
"002371","2023-08-01","283.680","283.680","278.450","281.680","4305123"
"002371","2023-08-02","280.000","285.680","279.010","283.290","5233949"
"002371","2023-08-03","281.320","287.230","280.800","283.800","3877003"
"002371","2023-08-04","284.330","285.800","278.220","281.510","4825879"
"002371","2023-08-07","280.470","283.950","280.030","283.100","2801004"
"002371","2023-08-08","282.490","284.980","281.970","283.390","2574901"
"002371","2023-08-09","282.200","282.990","278.300","280.520","3203029"
"002371","2023-08-10","280.480","288.880","280.450","284.660","4634259"
"002371","2023-08-11","284.750","285.960","278.600","278.600","3597636"
"002371","2023-08-14","275.430","276.500","272.720","273.010","3268500"
"002371","2023-08-15","274.010","275.880","265.550","271.010","3835250"
"002371","2023-08-16","270.030","273.200","261.450","261.550","4692406"
"002371","2023-08-17","261.280","267.830","259.400","264.120","3610112"
"002371","2023-08-18","263.800","264.690","257.000","257.000","3390992"
"002371","2023-08-21","258.590","261.590","255.580","255.670","2855057"
"002371","2023-08-22","257.080","259.130","250.330","257.750","4498356"
"002371","2023-08-23","257.760","258.130","250.710","251.120","2611326"
"002371","2023-08-24","253.020","262.350","251.530","259.830","5407293"
"002371","2023-08-25","256.760","259.450","255.360","257.000","3358183"
"002371","2023-08-28","272.220","274.150","251.980","254.000","6895941"
"002371","2023-08-29","250.290","262.030","250.120","261.410","5547948"
"002371","2023-08-30","266.500","274.880","264.000","268.150","8775109"
"002371","2023-08-31","267.990","273.040","264.000","271.260","6208535"
"002371","2023-09-01","273.980","283.470","272.360","273.020","7523664"
"002371","2023-09-04","275.060","276.000","268.100","271.000","6370643"
"002371","2023-09-05","271.830","274.480","269.880","271.300","5907670"
"002371","2023-09-06","270.030","280.500","269.000","280.400","10449743"
"002371","2023-09-07","276.990","277.300","264.230","264.500","9621294"
"002371","2023-09-08","262.750","268.500","262.000","266.500","5057000"
"002371","2023-09-11","265.000","267.970","259.070","266.110","5424297"
"002371","2023-09-12","264.110","266.370","263.880","264.000","2688280"
"002371","2023-09-13","262.620","265.290","258.020","259.650","3853927"
"002371","2023-09-14","259.670","261.000","251.000","251.960","6574204"
"002371","2023-09-15","252.090","255.600","247.800","249.150","6379015"
"002371","2023-09-18","247.000","250.120","245.000","245.480","4656765"
"002371","2023-09-19","245.480","246.180","231.550","239.900","8685999"
"002371","2023-09-20","238.760","240.930","233.580","233.980","6621524"
"002371","2023-09-21","233.000","235.300","231.800","232.410","4590113"
"002371","2023-09-22","232.000","235.000","230.370","234.500","6877226"
"002371","2023-09-25","234.000","236.920","231.660","235.000","6474810"
"002371","2023-09-26","233.500","236.180","232.600","232.610","4261055"
"002371","2023-09-27","232.600","236.600","231.130","232.950","4819955"
"002371","2023-09-28","233.000","247.890","230.700","241.300","11431417"
